Partial Word,Count
gu,839130
hu,1406419
ne,3724580
sol,466747
ea,1796155
mo,6361957
ta,2391781
bea,818429
ans,478955
re,9973733
ot,1949075
fel,724580
cr,1645653
com,3454251
kee,443010
any,464308
tel,632611
tol,444350
mus,1290812
my,440800
hig,466822
gro,655446
thr,1880115
sid,487722
him,863478
pr,6352411
nea,537707
chi,890449
wit,9042597
als,608042
sha,1614431
wel,926186
tru,452923
jo,785539
car,892574
ha,16480955
lan,540444
an,34106153
ab,2503968
tra,923932
har,725452
app,1172047
bro,945114
ou,3919506
pai,483606
ver,1635558
fin,1106356
he,10154729
bec,1014016
si,3416403
cop,449073
bet,945363
li,6444525
fl,1140506
to,3640198
hol,517274
ac,2134715
oth,1942917
fu,1122606
blo,489937
rel,600533
suc,1447315
ste,536018
vi,1363477
en,3008481
sto,1130459
nig,550304
st,6491373
inc,631986
las,723124
ass,504385
nam,607890
unt,469952
cri,457375
hea,2525779
do,3796181
fee,872332
eng,647000
ve,2040649
jus,754533
wil,2742031
ju,1286404
du,866641
wh,14946234
not,1030143
day,477878
lik,1506603
lat,564024
use,450688
adv,442168
goo,1034509
clo,637580
sig,476436
ol,988893
acc,1041744
un,2876943
cam,1013855
fre,840742
fac,1050103
ask,480159
sou,838285
i',457206
pas,987747
va,831048
ow,1127351
cer,501025
th,95267983
dr,1643697
roo,523312
on,4821381
dis,2064685
bei,822313
sh,8467577
des,1048645
pre,1882674
op,1055295
sub,515956
fir,1357252
at,911373
you,2774715
ca,6487187
co,13040815
pe,3300892
fri,723848
mak,1166002
amo,506436
onc,534154
peo,717157
au,504188
ho,4716216
ap,1365279
ind,1003271
bo,2773433
mor,2461110
sa,6726263
aga,1314689
kn,2371440
cha,1543627
occ,447868
ga,1286790
alo,583069
off,712319
wer,3337655
es,631881
ge,1984052
ar,5021477
wal,553749
kne,515719
go,3476026
fol,715733
beg,622988
oc,531541
se,7144288
tu,772940
em,484614
sen,967134
nat,776561
pa,4648771
inf,569804
sho,2614013
ch,3432665
in,6997647
mot,577708
gre,1913223
fi,4043500
ci,766791
sw,594882
tow,646846
con,4013434
muc,1021822
mig,866910
loo,1228777
fr,6382843
hav,4806597
te,2371973
too,527707
mom,457529
who,1317850
gra,869938
ad,1505522
am,1006774
su,5078826
bee,2395040
per,1860970
wen,694110
ear,677364
dec,545415
cl,1680706
whe,3370798
gr,3570758
dar,444158
bi,796262
wom,676501
sp,2573179
gl,731979
pu,1784063
mon,725428
tre,637032
the,14245544
bot,546445
dea,1052187
ref,491035
gen,904185
us,1054934
ove,1185835
qui,750907
ru,869161
exc,773410
mil,537049
da,2860010
tw,1476708
eye,666190
ey,834913
wat,654585
ano,549747
add,476842
ev,2969850
al,7018369
pri,1016583
ri,1638713
rig,663954
pro,2978312
wan,650282
mea,931203
wea,452151
lif,936585
mr,495443
mu,2620650
tr,3025602
so,5445966
di,5057682
hun,518070
aw,952829
soo,442080
wis,574041
mat,592323
spo,441315
par,1729223
ye,1660615
rea,1932549
pos,872280
sec,625815
sta,1956838
cu,808989
pla,1748027
lea,1396192
de,6008079
le,3936880
hap,500467
vo,686832
ag,2172787
me,3783123
pl,2442251
pur,504434
cas,531632
ke,746325
ple,589100
eve,2644604
hi,14765762
ra,1624590
up,1570941
cou,3156573
be,10198833
tho,3022155
bes,563074
wi,13593017
sup,732481
it,1758103
of,1566025
res,1438112
nev,941098
el,876243
mad,1251690
qu,1491982
gi,1649125
hom,474895
bel,723071
na,1641092
see,1539402
ba,2143410
imp,832338
po,3346135
ex,3169083
ki,1461246
wor,3137487
mi,3312328
ter,494578
pi,875374
dif,450395
yea,857029
hel,644052
br,2667992
lon,1216357
ent,656913
bu,5024315
wo,7165660
lov,811992
rep,1003071
sam,715753
sur,698560
ser,710072
awa,829582
ro,2329808
wha,1786330
und,1119249
thi,6395750
att,787831
lit,1398307
kno,1743770
bri,810551
tim,1741463
im,1319991
fe,2871439
act,480022
don,627856
kin,1121334
cal,957628
han,1307339
tri,453935
yo,8983764
aft,1179406
ope,577973
bac,799908
rem,1032057
fro,4307698
dow,1059133
fou,1112642
ma,9776803
can,704371
ele,479545
tak,1238083
mis,452229
int,2991075
pow,487992
sti,819537
lo,5016563
flo,451062
col,665776
dre,556270
her,1268046
bef,1150426
sl,848014
ob,957242
fa,4327062
sc,1026105
abo,1747872
onl,1349239
lor,472717
no,9487705
reg,514203
tha,12810147
fat,624690
bl,1205586
man,1415540
as,1637289
wr,965170
tal,518087
eac,484599
som,2283347
mos,958340
la,4257114
sm,918521
ti,2431097
rec,1061237
ce,1002809
fai,651268
giv,1088764
ins,901755
liv,629448
lig,495628
fo,11877683
sin,744890
alw,495834
ret,605010
upo,1424595
ni,755551
or,942012
ord,559012
ful,476323
bre,563915
lef,531797
wri,544558
hou,1067097
min,1031094
ai,448488
sai,2804298
whi,5772377
we,6155339
wou,2594679
tur,705402
for,2416139
win,630197
exp,1136088
mar,1179814
af,1790212
spe,1010012
ov,1190965
cle,445854
wa,14170461
str,1669864
